id,sex,crop_photo,faculty_name,age,age_group,class,faculty_type
5cf29270-f6ce-402b-83c7-417c8014b3af,2,"https://sun9-28.userapi.com/s/v1/if2/xMQU76hW2lQ0cLWH7YiaKOqxwECBhJxpWaoGYEahfsRBhJLCF1mLT4KVMkMyYvNyrPNam4NVkE7QJR10cJGgIBZB.jpg?quality=96&as=32x50,48x75,72x113,108x169,160x250,240x376,360x563,386x604&from=bu&cs=83x130",Психологии,34,adult,Horses,humanitarian
eb9d13e7-3a38-4e07-bf16-d5ea4a1012b5,1,"https://sun9-23.userapi.com/s/v1/ig2/dnJuOOV7BtGfuqvb4CeZMAT74ydD-2-xNf7bUjLBS8UR4B_goRUwhh8QzV6yavCkmlNSjHbwE8EP7UzkE_1yDJ7H.jpg?quality=96&as=32x36,48x54,72x81,108x121,160x179,240x269,330x370&from=bu&cs=116x130",Факультет экономики и управления,38,adult,Dogs,humanitarian
fb30da80-cfee-401e-bde8-af7295b2b434,2,"https://sun9-49.userapi.com/s/v1/if1/9AWkeemD0eCOQFzjMV1Hv2VyyNHd_q1r6Kz-GW30KFJgA6BEiOhKmaq68b0iSoMgBVPB4VYu.jpg?quality=96&as=32x24,48x36,72x54,108x81,160x120,240x180,360x270,480x360,540x405,640x480,720x540,1080x810,1280x960,1440x1080,2272x1704&from=bu&cs=130x97",Финансовый,64,adult,Horses,humanitarian
4afb2f3c-8b5e-4fc9-93b8-35104c32fd40,2,"https://sun9-22.userapi.com/s/v1/ig2/Xkvk8uEY5wrcJBoxLoWsD-GgjPdYaWkoLKqta8YGdniRbReXPb-R0vkJMdJic_JvJHljQ5umh-_dapxl-cHTTp9w.jpg?quality=96&as=32x23,48x34,72x51,108x76,160x113,240x169,360x254,480x338,540x381,640x451,720x507,1080x761,1280x902&from=bu&cs=130x92",Юридический факультет,46,adult,Cats,humanitarian
edf2d8c6-1c23-4f90-ada1-183447483f79,1,"https://sun9-62.userapi.com/s/v1/ig2/IV10nKccd3TK0YgJq0IPD_JpRo9d03G_jJfWBgnq1N6itXV2MkI2TA73Px23SmvkFiYJdAMYWy8WLSKafn5jtSG2.jpg?quality=95&as=32x31,48x47,72x71,108x106,160x157,240x236,360x354,480x472,540x531,640x630,720x708,1080x1063,1242x1222&from=bu&cs=75x74",Юриспруденция,37,adult,Reptiles,humanitarian
8251a181-b387-4d70-a1a5-5889157737ad,2,"https://sun9-16.userapi.com/s/v1/if2/aeYdc7Xrk3ueAja9kLXYy8JomNEr8jAY7R5lePfcVPSnNkbrXTU6mrMhmlfrtJHqVsfCCQ820TqO1pa1vHBW9hKA.jpg?quality=96&as=32x20,48x30,72x45,108x67,160x100,240x150,360x225,480x300,540x337,640x400,720x450,1080x675,1280x800&from=bu&cs=130x81",Истории,25,young,Horses,humanitarian
395e269e-66ba-439e-be67-e0c282d0642b,2,"https://sun9-35.userapi.com/s/v1/if1/VYyIc0uzf1UPNF1DnZSxtZ50RVQxu8_d7eOM3FNXGEmAV6NYOURSwYwLHiphOrxqB4GvxnuQ.jpg?quality=96&as=32x21,48x32,72x48,108x72,160x107,240x160,360x240,480x320,540x360,640x427,720x480,1080x720,1280x853,1440x960,2560x1707&from=bu&cs=130x87",Психологии и социальных коммуникаций,34,adult,Pigs,humanitarian
16aaa6d5-b997-45b2-a6bd-a31d6a2d48de,2,"https://sun9-60.userapi.com/s/v1/if2/oAyo5ckT4iiraBOUAPUoCQ5m_ojn8UmvIQ9RcDE6HiGrtt4R2Tng5kBGzoWiKZJqt5bxsRCSRaStZkp7S7dqL37g.jpg?quality=96&as=32x48,48x72,72x108,108x162,160x240,240x360,360x541,480x721,540x811,640x961,682x1024&from=bu&cs=87x130",Педагогический факультет физической культуры,43,adult,Reptiles,technical
8d69fe42-8d90-4f6c-86c4-5f4e915fbca9,2,"https://sun9-27.userapi.com/s/v1/if2/rfzIirrlg8swh7APmLeXM-P1aMbET3ARCZJhMDBB0_EiTrQ-Oq9vTla6avtJpYIkIbC6DWaDFsL5UWwwMi9R4_l-.jpg?quality=96&as=32x24,48x36,72x54,108x81,160x120,240x180,360x270,480x360,540x405,640x480&from=bu&cs=130x97",Технологии сельскохозяйственного производства,27,adult,Primates,technical
0f1ceec3-4055-418b-882e-e11d28c4db27,1,"https://sun9-22.userapi.com/s/v1/ig2/ibnp6C09pvMivLYxH92Nlo-PBjkvj2UYJ8ETrglTxNqxPyuCvzmhvvbiaa3m8UfbTWGKIOkzaEl8tCKhwXCMQ3-L.jpg?quality=95&as=32x63,48x94,72x141,108x211,160x313,240x470,360x705,480x939,540x1057,640x1253,720x1409,981x1920&from=bu&cs=38x75",Институт экономики и статистики,44,adult,Horses,technical
2926437e-fd1b-4912-b51d-c554b38f14db,1,"https://sun9-37.userapi.com/s/v1/if1/vKyC9q3sR0RiRlTIvJpY9MVcANKTx_fBw5xxajzm4o72nFCL5DoZPTWh7dT7dD6XNIU.jpg?quality=96&as=32x21,48x32,72x48,108x72,160x107,240x161,360x241,480x322,540x362,640x429,720x482,1024x686&from=bu&cs=130x87",Гуманитарный институт,44,adult,Primates,humanitarian
59806019-a84b-45cd-8cc9-c764f059cc26,1,"https://sun9-24.userapi.com/s/v1/ig2/5Z8VJXS8DiinyyFWZxDYQf_hMoc-vA69vrm4hZ5cs_ZW6yKBKkma6aY116GCJaQmTRWG5At3CFLTUgVuphpQjmpF.jpg?quality=95&as=32x57,48x85,72x128,108x192,160x285,240x427,360x640,480x854,540x961,640x1139,720x1281,1080x1921,1280x2277,1439x2560&from=bu&cs=42x75","Туризма и гостиничного хозяйства
",44,adult,Horses,humanitarian
f2c878ff-4476-4eac-b4d3-4c00fdc12b45,2,"https://sun9-67.userapi.com/s/v1/ig2/cqw-IV263X2feEWudM8W9kJlW2NW0Iy_t8aQ9l5C5D3d-wmBJuut-Ckq62Qf4nbYcoUm4uAUxoEAeL3TLW6Oy3op.jpg?quality=95&as=32x46,48x69,72x104,108x156,160x231,240x347,360x520,480x694,540x780,640x925,720x1041,1080x1561,1114x1610&from=bu&cs=52x75",Юридический факультет,19,young,Horses,humanitarian
c227d176-108a-4bf4-900e-aaa8431dc347,2,"https://sun9-44.userapi.com/s/v1/ig2/5WllNF46pl3YKwohCUs0t5jhc3_DRCLBM6iFxJtOwpEkxYEs86SYKjwe5qyL7b_ogPDjJWFEPCBl68MvVeN0lxPW.jpg?quality=95&as=32x18,48x27,72x40,108x60,160x89,240x134,360x201,480x268,540x302,640x357,720x402,1080x603,1280x715,1440x804,2560x1430&from=bu&cs=75x42",Факультет систем управления летательных аппаратов,48,adult,Horses,technical
371aed6c-6115-428f-94d8-1afeb99b983b,1,"https://sun9-79.userapi.com/s/v1/ig2/dxCb6ZYoPmCV5NzT2icFrg5ib-SCA_-HzpWoKCEY1KQ9dQ2gARETZInzp80vkYrdTdzc4Jf2fO_f-kKI2cppgWTU.jpg?quality=95&as=32x23,48x34,72x51,108x77,160x113,240x170,360x255,480x340,540x383,640x453,720x510,1080x765,1280x907,1440x1020,2560x1814&from=bu&cs=75x53",Кафедра телекоммуникационных систем,19,young,Horses,technical
3fc0f371-bc81-4daf-863e-423d6464c76a,1,"https://sun9-32.userapi.com/s/v1/if1/2tla-SvIxgZUj5QTl2Sw9RFjUkzt2sZ19PNUJ4bvlZr4C9fX503Bs8EPaGaj8qbEmJePjTjv.jpg?quality=96&as=32x21,48x32,72x48,108x72,160x106,240x160,360x239,480x319,540x359,600x399&from=bu&cs=130x86",Геологический,31,adult,Pigs,technical
935f309e-026b-492f-b42a-b666bf896278,1,"https://sun9-53.userapi.com/s/v1/ig2/oz92KJ47dxqFG41zD5w9APXVDNuVN_Nls57vPIAX2VNQFJb2K6YTJyS96kF2yGAyeeyvpxMR3DGxtjkz4d2IvEN9.jpg?quality=95&as=32x48,48x72,72x108,108x163,160x241,240x361,360x542,480x723,540x813,640x964,720x1084,1080x1626,1280x1928,1440x2168,1700x2560&from=bu&cs=50x75",Педиатрический факультет,24,young,Horses,natural_sciences
79a86dc8-49e7-4044-9275-475a997c7d82,1,"https://sun9-10.userapi.com/s/v1/if1/_5QLRvDdyyN3I7_isJEK30_SW0ss54aiPjoH9JOnRk2-ckhm96hxRbiW1v7GH7K7fhKj-A.jpg?quality=96&as=32x48,48x72,72x108,108x162,160x239,240x359,360x539,401x600&from=bu&cs=87x130",Машиностроительный,38,adult,Reptiles,technical
c32945af-9fcb-46b8-80d7-ba011a625c9d,2,"https://sun9-48.userapi.com/s/v1/if1/cdLjnTl2Ho0AJJIPbE3opyogkV3T_RTwN_2zXQ9gvhf6My_TXpO_JjKo3AZIHynPnNFPvSTn.jpg?quality=96&as=32x31,48x47,72x71,108x106,160x157,240x235,360x353,480x471,540x530,638x626&from=bu&cs=130x128",Факультет геологии и геофизики нефти и газа,29,adult,Horses,technical
ac5131bb-59a8-45e0-917a-2444c1c3d42b,2,"https://sun9-39.userapi.com/s/v1/ig2/tVf83vcuS143cZe_kH--09Bsf2IL4AfuCFjutHZCfHP1RFrMYdjA3Kat0b7HMritItG_LYDAOflNhPU8lEFmsPVM.jpg?quality=96&as=32x43,48x64,72x96,108x145,160x214,240x321,360x482,480x643,540x723,640x857,720x964,1080x1446,1280x1714,1440x1928,1613x2160&from=bu&cs=97x130",Юридический факультет,38,adult,Reptiles,humanitarian
6882dfca-b404-4bce-83dd-5e43bf9a916a,2,"https://sun9-40.userapi.com/s/v1/if1/5AxR4tfoeJ8O7N2LnOm8J7hFtYVbk63hMCKDGzYr59zol8q9CqREESu0qtwS2M0UuTEtGssP.jpg?quality=96&as=32x32,48x48,72x72,108x108,160x160,240x240,360x360,480x480,540x540,640x640,720x720,1080x1080&from=bu&cs=130x130",Факультет бизнеса и финансов,28,adult,Horses,humanitarian
5aac0662-81ad-4bfc-b0b3-3fba21b539a5,2,"https://sun9-70.userapi.com/s/v1/ig1/9xPKwQG7cKzhmIjlq6KjCL-I8UecP1ULTJmgnd_L8XN8uEE91SYmY-Nd38HwiBp38i04f9ZP.jpg?quality=96&as=32x18,48x27,72x40,108x61,160x90,240x135,360x202,480x270,540x304,640x360,720x405,1080x607,1280x720,1440x810,2560x1440&from=bu&cs=130x73",Институт информационных технологий,30,adult,Horses,technical
63e6d65d-66de-48ac-94b6-0bbec718f163,2,"https://sun9-1.userapi.com/s/v1/if2/Y1Fxcw2Knz4NHV_wh6WUSO-5a4gAYFPBB7Z3G-u9eaVkA-FYLHfGeEnRU-EVpTXkpPNQjFOV_gND2xhi7w2X05m5.jpg?quality=96&as=32x32,48x48,72x72,108x108,160x160,240x240,360x360,480x480,540x540,640x640,720x720,1080x1080&from=bu&cs=130x130",Юридический,34,adult,Reptiles,humanitarian
8de3fbca-0a65-4f8a-98ac-b206d0182707,2,"https://sun9-56.userapi.com/s/v1/if1/dGJLJcwMr0lgRN7zd05ZvGryLDqlI-0IpF0VnBo22AvaEhsp9SmjyHCJAQCLDRUDgdmTRg.jpg?quality=96&as=32x23,48x34,72x51,108x76,160x113,240x170,360x255,480x339,540x382,587x415&from=bu&cs=130x92",Юридический,123,adult,Horses,humanitarian
de9ae4bb-bfaa-4853-a8d7-f7b5154a078e,2,"https://sun9-40.userapi.com/s/v1/if1/oSO_A2_daR5p97QPSPSA26dLmSf-MIliryz5FfWzktuWZH-ZUf1RZQZ4atZfl_DYKcUXymqZ.jpg?quality=96&as=32x57,48x85,72x128,108x192,160x284,240x427,360x640,480x853,540x960,640x1138,720x1280&from=bu&cs=73x130",Машиностроительный факультет,65,adult,Horses,technical
091b3e9c-d90f-47e8-9777-a8da252b4f91,2,"https://sun9-28.userapi.com/s/v1/ig1/X2yR0gTeXiNQymN-QlUHQitr9qm0a9J6QOAqSsh-mRyk8lJg2T89rzE2BORJU0w1u2HE0u4K.jpg?quality=96&as=32x32,48x48,72x72,108x108,160x160,240x240,360x360,480x480,540x540,640x640,720x720,1080x1080,1280x1280,1440x1440,2160x2160&from=bu&cs=130x130",Медицинский факультет,28,adult,Horses,natural_sciences
fcc65a92-cb44-48dd-ba88-256cce3e988c,2,"https://sun9-56.userapi.com/s/v1/if1/oImGeyeySJUB0WGErcwJ2n9ezh5zsODCpYBwa6OXeN3rGNJ_wZHqS32SNDTDpa5mfvQ-Mw.jpg?quality=96&as=32x18,48x27,72x40,108x60,160x89,240x133,360x200,480x267,540x300,640x356,720x400,935x520&from=bu&cs=130x72",Экономики и управления,28,adult,Horses,humanitarian
69cc7e84-134d-4d0c-965f-13b81fccfdc8,1,"https://sun6-21.userapi.com/s/v1/ig2/TVmoU9rIm52c1RegafoxlyImIlnDgamBel4_NCPe2xCayMw1uTVTpTI4E_hXDqqDIgr7DaQzaeUmnpZ9Mr-GwED0.jpg?quality=96&as=32x43,48x64,72x96,108x144,160x213,240x320,360x480,480x640,540x720,640x853,720x960,1080x1440,1280x1707,1440x1920,1620x2160&from=bu&cs=97x130",Филологический,52,adult,Reptiles,humanitarian
1a9795f2-ac18-4dff-8575-c99713e2dcff,1,"https://sun9-73.userapi.com/s/v1/if1/LyiZd0fiSmo3Ovr_NMMb8y7ZWV8XouosT3fAhl4Ckj5M3LBZw-tql1K0y--gMhEYlzixjA.jpg?quality=96&as=32x32,48x48,72x72,108x108,160x160,240x240,332x332&from=bu&cs=130x130",Биоинженерии и биоинформатики,22,young,Cats,technical
25afb6f4-7377-4d4c-bd5e-0434a9a50c33,2,"https://sun9-48.userapi.com/s/v1/if1/6A9qGRQzcZSB2JNKsHf103EmdiVdDMUkl-HVsZT7ERvNxAhsVfzPYAUvAJjTHTxrEBVhjt7X.jpg?quality=96&as=32x36,48x54,72x80,108x121,160x179,240x268,360x402,480x536,540x603,542x605&from=bu&cs=116x130",Юридический,44,adult,Sea animals,humanitarian
89de3422-45d6-4c93-b399-c9861d3914f7,2,"https://sun9-72.userapi.com/s/v1/ig2/_oC2MYX5icUrgKNGGKQ7gvo9cGHYyiTcysD59Z97BlmVPCB4WnmS4JfIFJKlx-1Vud0M5z6QGy4vVDhZRkYY7VXz.jpg?quality=95&as=32x29,48x44,72x66,108x98,160x146,240x218,360x328,480x437,540x491,640x582,720x655,1024x932&from=bu&cs=75x68",Автомеханический факультет,20,young,Dogs,technical
e8511b00-8e9e-431d-b24c-2ea128d7cb40,1,"https://sun9-61.userapi.com/s/v1/ig2/gcntP_SPUcokcw3hutCpufSwthuZE0aDKWQefwBxPx57qABRoBgDZ5U-W-kNWF7R0GeQ_VREY6ld-akbSsfB4JvY.jpg?quality=96&as=32x32,48x48,72x72,108x108,160x160,240x240,360x360,480x480,540x540,640x640,720x720,960x960&from=bu&cs=130x130",Факультет пищевых производств,26,adult,Reptiles,natural_sciences
db82d4bf-bb1f-4488-9087-ca0cc9dae56b,2,"https://sun9-16.userapi.com/s/v1/if1/4Amrthvj346bHS6Gusdx135xfavs5gYR7pU-lYd2jq-eFAlF9WEXxumnQ87y9jbrzXyJug.jpg?quality=96&as=32x43,48x64,72x96,108x144,160x213,240x320,360x480,480x640,540x720,640x853,720x960,1080x1440,1280x1707,1440x1920,1620x2160&from=bu&cs=97x130",Менеджмент,30,adult,Reptiles,humanitarian
9c219ef7-cbb6-42a4-a09f-2f33cb2d2504,1,"https://sun9-54.userapi.com/s/v1/if2/FF3phBPhZTRLgr7PZE7hkl-AUwToBdDUBdzFKmUqOcQImBTWJuwHr47C1vyE8874f-HO4bTr07AQYM_JTUmA0gGY.jpg?quality=96&as=32x21,48x32,72x48,108x72,160x107,240x160,360x240,480x320,540x360,640x426,720x480,1080x720,1280x853&from=bu&cs=130x87",Экономики и управления,34,adult,Horses,humanitarian
5666d733-aead-4ac7-915d-9ec73638b7c3,2,"https://sun9-27.userapi.com/s/v1/if1/UiLZKIEYseixU6ObilCIU0AdVzDVer_GPZGQSFCACYGH91NtFurrueTg452IQaBHOOnof-ow.jpg?quality=96&as=32x32,48x48,72x72,108x108,160x160,240x240,360x360,480x480,540x540,640x640,720x720,1024x1024&from=bu&cs=130x130","Прикладной математики и физики
",26,adult,Horses,technical
25946074-ccc2-4000-85d7-e680cd231227,2,"https://sun9-18.userapi.com/s/v1/if2/XshpxIDuKwxQmUBQ8F-Ld-Y4knEVIUaBTA3I4zIjvo7YAalqwrwUachLppm1HiPFC4bmS7yhJAOaXzuSrmao2E80.jpg?quality=96&as=32x32,48x48,72x72,108x108,160x160,240x240,360x360,480x480,540x540,604x604&from=bu&cs=130x130",Экономики и управления,34,adult,Cats,humanitarian
900cdc18-ee2b-4af5-9001-3c4c17806157,2,"https://sun9-78.userapi.com/s/v1/ig2/NlkyTxGve1dEAzr1BOvyleVaOX1AZIg_JwhLZs7c4GWa7gNSuYuq-8_iBFlMgfqQsM_IjW_u1uDkXo_5jph8GzGn.jpg?quality=95&as=32x21,48x32,72x48,108x72,160x107,240x160,360x240,480x320,540x360,640x426,720x480,950x633&from=bu&cs=75x50",Юридический факультет,38,adult,Horses,humanitarian
9f343eab-9b1a-4cc9-995f-ae9a2ad2b9a7,2,"https://sun9-60.userapi.com/s/v1/ig2/2ER-Xw49feYzQnX9irWVKaNxLVxCBSmS6chEQ2jhmmnuZlcRvvKKQRJ-XER3yJSGVcjoZZ5-UrQXxTB2H2XuLBDd.jpg?quality=96&as=32x39,48x59,72x88,108x132,160x195,205x250&from=bu&cs=107x130","Автомобильного транспорта
",51,adult,Reptiles,technical
87ce4022-ef5e-4f10-b88b-ade4c9a43db8,1,"https://sun9-47.userapi.com/s/v1/ig2/P3B9NNOyUlI7Or-WOg3axqrLzhiV0zKaic5a1vetsbqHiIxX3eXqmAwpwXpMH8EsURO1iYHQpkPePygcgxCNlrjz.jpg?quality=95&as=32x43,48x64,72x96,108x144,160x213,240x320,360x480,480x640,540x720,640x853,720x960,1080x1440,1280x1707,1440x1920,1920x2560&from=bu&cs=56x75",Юридический факультет,55,adult,Horses,humanitarian
aac4015a-e149-4679-8676-77ee57c2e96f,2,"https://sun9-9.userapi.com/s/v1/if1/M3T1tIDaPXaBkfWqQaCPKsh_83Mbu9N_zvGui-BKsmm3DFIRJwXUMGiCEwWyl4Ir_rtF-HQt.jpg?quality=96&as=32x21,48x32,72x48,108x72,160x106,240x160,360x240,480x319,540x359,604x402&from=bu&cs=130x87",Автоматизированных систем,40,adult,Horses,technical
ea23ea07-a03b-4e6c-9c0f-610e4fb0e8be,1,"https://sun9-78.userapi.com/s/v1/ig2/g_PEHFoIAdKzJ1hPgQifHpcKCIYTQb9Mc8ZGJboWOAMBhm6lXyWKnauWwiuQ6gL2ijk948W_qB9Yzb4Pa0TrL-c6.jpg?quality=95&as=32x32,48x47,72x71,108x106,160x158,240x237,360x355,480x473,540x532,640x631,720x710&from=bu&cs=75x74",Педагогики и практической психологии,43,adult,Horses,technical
eaf322bc-afb1-4398-91d4-822e4c4e1649,1,"https://sun9-22.userapi.com/s/v1/ig2/DkOUQh9JujGv2OJdEW0BQdi9cVXp1JVnNcN5WWEdrDn3mBEt-t1Qvy3j9aJE5CuIGPR7E-Ffw6jvkfcAVvEoWvTk.jpg?quality=95&as=32x36,48x55,72x82,108x123,160x182,240x274,360x410,480x547,540x616,640x730,720x821,828x944&from=bu&cs=66x75",Институт фундаментальной медицины и биологии,19,young,Horses,technical
c1233f67-2f7a-4745-a6cd-1208bf096520,2,"https://sun9-9.userapi.com/s/v1/if1/ix1jnGZJ3KwoFFdK2uhPE_CE25hi-XdIqfRbQCt0asncvrld8zPu7dkl9BIoBeoFbjZMJDHO.jpg?quality=96&as=32x24,48x36,72x54,108x81,160x120,240x180,360x270,480x360,540x405,640x480,720x540,1080x810,1280x960,1440x1080,2560x1920&from=bu&cs=130x97",Строительный,38,adult,Horses,technical
db7c5376-80f9-4f5a-ae2b-39bc00160e71,2,"https://sun9-47.userapi.com/s/v1/ig2/Vv557rs3jcg2PhB5JEArnAuU_m5Kdx5y6-4NGy-_qJFxr22OOzw2fZjElPyrYfDUEbUOIuEK_Nm7BwIs02GYcrKW.jpg?quality=95&as=32x32,48x48,72x72,108x108,160x160,240x240,360x360,480x480,540x540,640x640,720x720,1080x1080,1280x1280,1440x1440,2560x2560&from=bu&cs=75x75",Управления,41,adult,Horses,humanitarian
a0c804a2-a418-4942-8c2e-91b2d60de28d,2,"https://sun9-9.userapi.com/s/v1/if1/0ARJk-utB38BulZcu-89SgAtllgaXnvNEI6Gm9SGEVINQvDM1sZ8Iml0ykUdtnZIx97Os52r.jpg?quality=96&as=32x22,48x33,72x50,108x75,160x111,240x166,360x249,480x332,540x374,604x418&from=bu&cs=130x90",Финансов,31,adult,Herbivores,humanitarian
9e70f545-36a4-4dda-bf6c-9aa9380d4005,2,"https://sun9-60.userapi.com/s/v1/ig2/WwXN4lwK9tWRRNmTkurn3FUytyiKpZiEIfdyIbjWrZpnPMRzNEjpZJN6hqqxmlszbtniM8bN7Y6GG0pcYmz2dcfw.jpg?quality=96&as=32x18,48x27,72x40,108x61,160x90,240x135,360x202,480x270,540x304,640x360,720x405,1080x607,1280x720&from=bu&cs=130x73",Отделение дистанционных образовательных технологий,20,young,Horses,technical
d93c2c65-87d1-43f4-8abd-128a35f80e59,2,"https://sun9-53.userapi.com/s/v1/ig2/X0u9qoATv84dWV9d8J23Hg9xcr6ociE3nWXrTJEMJ1mDAb0sAmEQU3_HkfP4_88tK4ffuorNAeqTmFNQEXgZQceu.jpg?quality=95&as=32x43,48x64,72x96,108x144,160x213,240x320,360x480,480x640,540x720,640x853,720x960,960x1280&from=bu&cs=56x75",Институт управления и цифровых технологий,24,young,Horses,technical
f25ededc-2b27-4f01-997d-8d84f1947b79,1,"https://sun9-12.userapi.com/s/v1/ig2/vv-73RTwE7br7XjPBVcXGmcwGxrPiMjJfrsQ6JpCVwn-3D7Sym8wwoCoAaMxHiaP8AJSSKaQ1SamVcQoVnvleH2w.jpg?quality=95&as=32x43,48x64,72x96,108x144,160x213,240x320,360x480,480x640,540x720,640x853,720x960,960x1280&from=bu&cs=56x75",Факультет педагогики и психологии,37,adult,Horses,technical
33f173cc-dd59-4648-9c99-60d4536e7f06,2,"https://sun9-34.userapi.com/s/v1/if1/vImQqdhgW_1mvxIVgLZZqbBr5tKnkQpAoDxSKtTvp7y4xu6Jni4R-N1bKK11htYqQwsVzsEr.jpg?quality=96&as=32x24,48x36,72x54,108x81,160x120,240x180,360x270,480x360,540x405,640x480&from=bu&cs=130x97",Технологий и информатизации,75,adult,Horses,technical
1c3fa4b7-b162-412c-be55-d7b6bc6d41c6,1,"https://sun9-66.userapi.com/s/v1/ig2/j16WmruMO98fKucYONKPzGILsboPBfnoWn8NU6z4G67w2W1yVfLdd9hnbNSgf39VR31JR3lwu9a96qFhMJF472Hx.jpg?quality=96&as=32x47,48x71,72x106,108x159,160x235,240x353,360x529,408x600&from=bu&cs=88x130",Строительный факультет,32,adult,Horses,technical
2a3f7df0-4546-42e7-9426-0a08f9f4890a,2,"https://sun9-20.userapi.com/s/v1/if2/C_4s4nSRoWqHgpWmvHPTv0fE0vSnw8IsUNOXrDzlXt1pm6_AM9ZnK9sm8YeArsc-LeZoYYv-wtyy5DI6J2FDTLqO.jpg?quality=96&as=32x48,48x72,72x107,108x161,160x238,240x358,360x537,467x696&from=bu&cs=87x130",Юридический,36,adult,Reptiles,humanitarian
a3fa78b0-17e6-47cd-9e73-bfea1f77201e,2,"https://sun9-56.userapi.com/s/v1/if1/mJB44EA2h_G5uV3oiYGQzMtmIMHBaf4kO0UTaN4o1Pfr7zYu1OdImNuDslGA_lOMDunwCvV6.jpg?quality=96&as=32x16,48x23,72x35,108x53,160x78,240x117,360x176,480x234,512x250&from=bu&cs=130x63",Геологический факультет,25,young,Sea animals,technical
65660717-ae3c-4124-97ca-e7df52008fd8,1,"https://sun9-53.userapi.com/s/v1/ig2/i1QpH7zw1nKhuFYvDV47BXJRL7yjuPWJXsTOZoVels17GdUuSE49nOgqVQ_cK_WO3ifTwBoVuwuAAy4cWXRUugNa.jpg?quality=96&as=32x43,48x64,72x96,108x144,160x213,240x320,360x480,480x640,540x720,640x853,720x960,810x1080&from=bu&cs=97x130",Факультет казахской филологии и мировых языков,51,adult,Reptiles,humanitarian
d9df2d45-3622-4d3f-9187-fc0d72ec7666,2,"https://sun9-43.userapi.com/s/v1/if1/g60SLUPvQjICCDSZwyAlx1t6CbQov1p6ik87quIxAXO77udAy4uKBUsqnuKe0Jx7bnyMVnbY.jpg?quality=96&as=32x21,48x32,72x48,108x72,160x107,240x160,360x240,480x320,540x360,640x427,720x480,1080x720,1280x853,1296x864&from=bu&cs=130x87",Юриспруденция,32,adult,Horses,humanitarian
62209e75-beab-44e1-95f9-8837a1e16377,1,"https://sun9-63.userapi.com/s/v1/ig2/2nOAmQLpeKYWByQz2zol4sXS0ujWGKkArnp_qW1qI-_Bfv5cnWM_p-tKCqUS8c8DuMiEpj_t1mPrmVzNiigli4y9.jpg?quality=95&as=32x42,48x62,72x94,108x140,160x208,240x312,360x468,480x624,540x702,564x733&from=bu&cs=58x75",Медицинский факультет,43,adult,Horses,natural_sciences
1ca9fd2e-2301-47e4-bc2f-f1364d721e70,1,"https://sun9-41.userapi.com/s/v1/ig2/vX3EM51gqi5PL-OF-nniOFTdZt6zNaTvXRl5XceqQ2NXjR_DzUUHBogNWZ04kx8wCWwPImxUiHXCiuquHEzHgO3y.jpg?quality=95&as=32x43,48x64,72x96,108x144,160x213,240x320,360x480,480x640,540x720,640x853,720x960,960x1280&from=bu&cs=56x75",Институт ветеринарной медицины и биоинженерии,18,young,Horses,technical
9f5e609e-7ee9-4e86-8f99-2bc2be4e59fc,2,"https://sun9-21.userapi.com/s/v1/ig2/xJpemzME4G8XBu-8bRG8zLFcfQ4_mgXIOEQn4Gp5yIXJhPkjbS6q-wYu-UFceBwWoc6dWMVy52VHUw1vr82IpXd9.jpg?quality=96&as=32x43,48x64,72x96,108x144,160x213,240x320,360x480,480x640,540x720,640x853,720x960,1080x1440,1200x1600&from=bu&cs=97x130",Факультет государственного и муниципального управления,28,adult,Pigs,humanitarian
76487827-6f98-42fd-af50-b98cac440239,2,"https://sun9-19.userapi.com/s/v1/ig2/j5OLwAETlVmvFnwOap8_4HQv9obo-GExUj9OyUKCf8q3BOtOPcPmiCpekjE3HBJjYGu_2TV3rTa0UQ6NuJdzxaw0.jpg?quality=95&as=32x32,48x48,72x72,108x108,160x160,240x240,360x360,480x480,540x540,558x558&from=bu&cs=75x75",Биологический факультет,24,young,Pigs,natural_sciences
b33e78aa-f894-4944-9b56-426f107ddbda,2,"https://sun9-12.userapi.com/s/v1/if2/ogUGVmvyjPF_sMjxDx1y6od-3J3ipt7ACl-vzFuuUl5k2bCTOn0J54QWuHBBSdd3vTOpUjvqraN5f5KypYZGwrq2.jpg?quality=96&as=32x24,48x36,72x54,108x81,160x120,240x180,360x270,480x360,540x405,600x450&from=bu&cs=130x97",Управление персоналом,37,adult,Sea animals,humanitarian
8042c9e7-5aa6-442b-85c0-0c15a8c34d49,2,"https://sun9-41.userapi.com/s/v1/ig2/ClBzjoNU-j_tGUKPDwMf2kbiXeHz-lorvMs3C7hMYVsmu4KIt6zkPuDxZKoaIROLRW6VCsg9lvTCEbryarwMktxe.jpg?quality=95&as=32x50,48x76,72x114,108x170,160x252,240x379,360x568,480x757,540x852,640x1010,720x1136,736x1161&from=bu&cs=48x75",Юридический факультет,31,adult,Horses,humanitarian
01492d1a-bfc6-4380-8c8c-4b545b80a946,2,"https://sun9-21.userapi.com/s/v1/if1/m9ktajThZRVOhSUCsWTEEF8fROg6l5yhi2LMPwRyov3rJBbDN6XwiBaCRrujNm8TjqB-mE_G.jpg?quality=96&as=32x21,48x32,72x48,108x72,160x107,240x161,360x241,480x321,540x361,640x428,720x482,1024x685&from=bu&cs=130x87",Менеджмент,22,young,Horses,humanitarian
d0b915d0-e37f-4222-a586-9e3fff1be84d,1,"https://sun9-74.userapi.com/s/v1/ig1/qCgEx9w3iUrmJJgTf0Ym7dTKmMAhIGb3xoPJw15M2IPMyS-aYTpinmnu4NQqmcZ51Clr720P.jpg?quality=96&as=32x48,48x72,72x108,108x162,160x240,240x360,360x540,480x720,540x810,640x960,720x1080&from=bu&cs=87x130",Высшая школа бизнеса,24,young,Dogs,humanitarian
3d6622b0-0b2f-4068-8976-0c0df47bb3c9,2,"https://sun9-46.userapi.com/s/v1/if1/26A-RClThrYEL54k0s5G4tpr1lVwoqajv3YbtPEa2_VMiPOC9-10nEj4j6FiL1BGRbwsj69E.jpg?quality=96&as=32x57,48x85,72x128,108x192,160x284,240x427,360x640,480x853,540x960,640x1138,720x1280&from=bu&cs=73x130",Юридический факультет,26,adult,Sea animals,humanitarian
ab4ead6c-f7ad-4a1a-ada9-cd8852c9da33,2,"https://sun9-77.userapi.com/s/v1/if1/IeJlFh-PKNrFZkOu3AEETSf2dw1Bo0Y492rAEjZM7VUVDV6Tll_yEQJkX_WyexZInd5Weg.jpg?quality=96&as=32x38,48x57,72x85,108x127,160x189,240x283,360x424,480x566,540x636,543x640&from=bu&cs=110x130",Менеджмента и маркетинга,36,adult,Sea animals,humanitarian
7b920dc1-05b5-4470-b954-90097868f6dc,1,"https://sun9-77.userapi.com/s/v1/ig2/FZxhcpFukzJZ7sLcO8Qr1y8SfSrm9gGYUPFSrPA6bNnvdkFITzNkRZGcUSBNVI4uB9EgejK6pxaLTcjqL-IJUjdR.jpg?quality=95&as=32x43,48x64,72x96,108x144,160x213,240x320,360x480,480x640,540x720,640x853,720x960,1080x1440,1086x1448&from=bu&cs=56x75",Факультет иностранных языков,31,adult,Horses,humanitarian
668d9109-4134-4753-a758-f351349379ea,1,"https://sun9-56.userapi.com/s/v1/if2/WT9-5uyPqX9a1g8z3CG6BbdmvodjiNdwRTFMJQROkRb_wIbdulukuprY65r2UjVyyHJMG048GNbBpAIXpxBFktbk.jpg?quality=96&as=32x41,48x61,72x92,108x138,160x204,240x306,360x459,480x612,540x688,640x815,720x917,1080x1376,1219x1553&from=bu&cs=102x130",Гуманитарный,54,adult,Pigs,humanitarian
f26a36ea-ae98-4540-8b20-b0b6a51cd8f5,2,"https://sun9-35.userapi.com/s/v1/if1/14zSN656WL3InGdLIJSj9FR6X6Jl3qm9JYvBqRf_Sq_5HO-moiAv5mMmVKJKxxH1vg0efsH0.jpg?quality=96&as=32x32,48x48,72x72,108x108,160x160,240x240,360x360,480x481,540x541,640x641,720x721,768x769&from=bu&cs=130x130",Высшая академия управления,28,adult,Horses,humanitarian
fec0e46c-6f2a-4bb7-a0bb-33a03f086ffb,2,"https://sun9-70.userapi.com/s/v1/if1/x41dgpfGRMwzuYhO5nwwHjU_vX_V6tnftldWpWFDmmj1Pjqc2UlsuLqCBp3wGuJZzas.jpg?quality=96&as=32x24,48x36,72x54,108x81,160x120,240x180,360x270,480x360,540x405,640x480,720x540,1080x810,1280x960&from=bu&cs=130x97",Инженерной механики и упаковывающей техники,42,adult,Primates,technical
6c3de50b-c792-4a3c-b31d-34a5aa8a1d53,2,"https://sun9-42.userapi.com/s/v1/ig1/JmgeCmITDK3xuHOLwPsEkWBkxuUW0ESn-O-LTIpCbEd7AS-L5lOaxzZ_2Ucgj7Walaj-u7bP.jpg?quality=96&as=32x24,48x36,72x54,108x81,160x120,240x180,360x270,480x360,540x405,640x480,720x540,1080x810,1280x960,1440x1080,2560x1920&from=bu&cs=130x97",Юридический факультет,34,adult,Pigs,humanitarian
cd1f7088-a1fb-433f-99e3-c63820e65d5c,1,"https://sun9-66.userapi.com/s/v1/ig2/812-BiWB7hr-UFkLqrfsGVZyKOW9nZ-AA8AZ9kddCBnpff1XG1DXpYEFJbKv5uteNdGLEJmWfCh8gGs0Du7V4qT6.jpg?quality=96&as=32x35,48x53,72x79,108x118,160x175,240x263,250x274&from=bu&cs=119x130",Кафедра иностранных языков и культуры,18,young,Herbivores,technical
5c67c303-5df8-4bd2-957c-00c04acef238,2,"https://sun9-52.userapi.com/s/v1/if1/J4jxtUhr-3fpMpvLIuZAgwgaFeSNLsv57Bc0jm2Mux7v0wO1Djkzml6f8Ag1-qXOfhwU3eLq.jpg?quality=96&as=32x40,48x60,72x90,108x135,160x200,240x300,360x450,480x600,540x675,640x800,720x900,960x1200&from=bu&cs=104x130",Факультет менеджмента и бизнеса,28,adult,Reptiles,humanitarian
2350bb3a-da6e-4a16-bfd2-1213ce7b11fb,2,"https://sun9-22.userapi.com/s/v1/if1/2aGIKXunBaX7wo6r_QVr26EE8dawDkjYLH1m57QCdDANvKiAGO-KezlShWmBCZyi7YTCm04I.jpg?quality=96&as=32x18,48x27,72x40,108x61,160x90,240x135,360x202,480x270,540x304,640x360,720x405,1080x607,1280x720&from=bu&cs=130x73",Юридический,36,adult,Horses,humanitarian
7e4d4e75-5226-41bc-ad64-70b0dc148847,1,"https://sun9-50.userapi.com/s/v1/ig2/uROT2q6S8RRpb78FKIYagtaXhQBQkoz-5eVAbilIvOQ3-iPutBFH_5nTqfdSAkVImmZdp6MRE1OexOVDokn4Q0ra.jpg?quality=96&as=32x57,48x85,72x128,108x192,160x284,240x427,360x640,480x853,540x960,640x1138,720x1280&from=bu&cs=73x130",Факультет права,22,young,Horses,humanitarian
fffe691e-f2f8-4fa1-b223-fe65efd13323,1,"https://sun9-17.userapi.com/s/v1/if1/KYPDkWPS6Nb-yOCcZvYn9U6ezxd11cYFKW1yDzauNzWGB0is_eGXgcnGjb4MpPJQlEgV3l4b.jpg?quality=96&as=32x32,48x48,72x72,108x108,160x160,240x240,360x360,480x480,540x540,604x604&from=bu&cs=130x130",Институт экономики,30,adult,Herbivores,technical
63b622a2-f116-428c-b670-c6768018955f,1,"https://sun9-77.userapi.com/s/v1/if1/Ky65hqRvDUjtGiAmkafUs05MyyIbAl6F5TWvlFJrYsrxkVDg6HdXaVaxjR5JBWmK7TZkKaCS.jpg?quality=96&as=32x24,48x36,72x54,108x81,160x120,240x180,360x270,480x360,540x405,640x480,720x540,1024x768&from=bu&cs=130x97",Географический факультет,25,young,Sea animals,natural_sciences
6745f5f8-5d0c-4cc4-8345-8a1e757b08bc,1,"https://sun9-1.userapi.com/s/v1/if1/FZ1_c4jxxd7zJbvooFD56EEx9dDKBiM_T_f6K7rKG16o9MTY4qBTfmKS7efNXgiPrEF189rf.jpg?quality=96&as=32x32,48x48,72x72,108x108,160x160,240x240,360x360,452x452&from=bu&cs=130x130",Пищевых технологий,30,adult,Herbivores,technical
78f9e2db-6a5f-4a56-9856-9514f250a6f6,1,"https://sun9-20.userapi.com/s/v1/ig2/w688jninCZC_mTsCTFbthMEoZF9OpJVOyEULwYwrey3h0wNJrCcvs7_tgx5VPJlMTgiBWZNNJvF6fnpwu-Rikbfo.jpg?quality=95&as=32x32,48x48,72x72,108x108,160x160,240x240,360x360,480x480,540x540,640x640,720x720,743x743&from=bu&cs=75x75",Юридический,37,adult,Horses,humanitarian
bc4ebf0c-187c-4292-8c77-381d832447c7,1,"https://sun9-6.userapi.com/s/v1/ig2/dH033kVE6hzrhMl8t2Gl7CnPi3wUWxf_HmS0I_m0dwO9eD2AaSwZY1mG9bT7itQW9wSFGfOoNxgTItruRZyguqrx.jpg?quality=95&as=32x43,48x64,72x96,108x144,160x213,240x320,360x480,480x640,540x720,640x853,720x960,1080x1440,1200x1600&from=bu&cs=56x75",Финансист,42,adult,Pigs,humanitarian
72c87523-6b96-4a29-b892-aea1d68ca2be,2,"https://sun9-4.userapi.com/s/v1/ig2/vl4NQ9Gua1eBnaMBvmvKczAHAZ-vxk0YJuC1iZh-D0rrqCqc6ATyG2H8YoQKmtbCHrxxxx-Dl5hKIs6hxnMJO2AK.jpg?quality=95&as=32x50,48x75,72x113,108x169,160x250,240x375,360x563,480x750,540x844,640x1000,720x1125,750x1172&from=bu&cs=48x75",Менеджмент,22,young,Horses,humanitarian
a6e2d08a-04c2-41c5-9718-e1416c1a1564,1,"https://sun9-12.userapi.com/s/v1/if1/Ltok-xAkdkqups4Ab12j-XSpHBhdQroogzYVR-KR0uMZhUO6mBE6rqFXoOaecWjedXlZvE5d.jpg?quality=96&as=32x32,48x48,72x72,108x108,160x160,240x240,360x360,480x480,540x540,600x600&from=bu&cs=130x130",Экономики и управления,30,adult,Horses,humanitarian
85fcbf3c-0904-43a8-b176-802fd4ec1028,1,"https://sun9-80.userapi.com/s/v1/if1/Q3e5rWHFJjckUKdq7oSxqtoU59HrfMt9vvoHy3faudkrFwmpPDj5HouOWAK1vJMKjqbhDQ8W.jpg?quality=96&as=32x40,48x60,72x90,108x135,160x200,240x300,360x450,480x600,540x675,640x800,720x900,811x1014&from=bu&cs=104x130",Педиатрический,28,adult,Sea animals,natural_sciences
8f22854c-9371-4be1-97fb-efad169828de,1,"https://sun9-71.userapi.com/s/v1/if2/joIbv4o5a9BE8VTrmcsVSqGpgW07JlJUF9sf8Xb_SSZqPkYyhNS3FbM8dr2D0nr43rEntlgsHb3pi7kZRO994P3L.jpg?quality=96&as=32x18,48x27,72x40,108x61,160x90,240x135,360x202,480x270,540x304,640x360,720x405,1080x607,1280x720,1440x810,1920x1080&from=bu&cs=130x73",Финансы и кредит,36,adult,Reptiles,humanitarian
c605dbad-3cc9-4aa2-901a-fa07b9e19f15,2,"https://sun9-69.userapi.com/s/v1/if2/xC_Sm9AXbIMe1rMYarUfTw-NGmYUBwXRQlSeNyTOl5z3r0wsfIkqbiaZS80H2uz-s-GTLwSXmurApmic7cX5tvZq.jpg?quality=96&as=32x43,48x64,72x96,108x144,160x213,240x320&from=bu&cs=97x130",Юридический,27,adult,Reptiles,humanitarian
7a10116f-8545-4580-bdf4-b824b04f903b,1,"https://sun9-1.userapi.com/s/v1/if2/GGJtLS8vy0vLS5fMUbE1UbHjyrIilZ17g9ke7pR59cLp4b21iEd85S021GcWVymnDSdbDr_feCzjf1vYnYkA3y-Y.jpg?quality=96&as=32x43,48x64,72x96,108x144,160x213,240x320,360x480,480x640,540x720,640x853,720x960,1080x1440,1280x1707,1440x1920,1620x2160&from=bu&cs=97x130",Юридический факультет,34,adult,Horses,humanitarian
b766d435-29d5-412d-93c9-b6d0a52d2f7f,1,"https://sun9-40.userapi.com/s/v1/ig2/8nDdgHxgotIq56yayaK0MTTQfQRBQ6uQj7IAGg5kLPCHVmdtFrIhGPZ-eNlWfnW18LlDsFwei-0wrvo-H2lUOMzD.jpg?quality=96&as=32x64,48x95,72x143,108x215,160x318,240x477,360x716,480x955,540x1074,543x1080&from=bu&cs=65x130",Факультет управления и информационных технологий,40,adult,Horses,technical
8719cdb9-ab64-4615-aa03-a3ca02d3d78e,2,"https://sun9-33.userapi.com/s/v1/if1/4-xpi8_WM8XHY7QUZugVR6E1_BZLRBaTn4m2J5OGRez2cyNLmC59dWYPvMWRiM84tUMtPvxz.jpg?quality=96&as=32x21,48x32,72x48,108x72,160x107,240x160,360x240,480x320,540x360,640x426,720x480,1080x720,1280x853&from=bu&cs=130x87",Геологический,37,adult,Rodents,technical
8bf7613e-c08a-4722-a2e0-ea948889c77f,2,"https://sun9-55.userapi.com/s/v1/if1/R3wTUDrftM0vy_K97TZBoQOLHrLDh7njK1n_P0wA7NKveCZb4Q1COlonpFM72IsBwlZoFwhi.jpg?quality=96&as=32x24,48x36,72x54,108x81,160x120,240x180,360x270,480x360,540x405,640x480&from=bu&cs=130x97",Институт экономики и финансов,25,young,Herbivores,technical
841d2c85-7606-40f2-910b-36e408401b06,2,"https://sun9-38.userapi.com/s/v1/if1/eRnOFyoLXC-6JWwoaGGGM-OZaIYWklMdtXHuhenmps7GSjT0IaPGeWm3j_A3Gc9FBcG0at2f.jpg?quality=96&as=32x51,48x77,72x115,108x173,160x256,240x384,360x577,480x769,540x865,640x1025,720x1153,899x1440&from=bu&cs=81x130",Исторический,30,adult,Dogs,humanitarian
edde96ce-9cf1-487f-8395-dbd23ab0050f,1,"https://sun9-7.userapi.com/s/v1/if1/WJvZ-XcqwOg2Wem618yvapFZK4ZbuyJ9a1Q9YzROJoGkT-OoIGp99Um1zc5X2ALwGcIDveLL.jpg?quality=96&as=32x21,48x32,72x48,108x72,160x107,240x160,360x240,480x321,540x361,640x427,720x481,1080x721,1280x855,1440x962,2560x1710&from=bu&cs=130x87",Институт математики и компьютерных наук,32,adult,Pigs,technical
8fec2734-48c2-4e8b-98a1-b33a4dc9c6ce,2,"https://sun9-57.userapi.com/s/v1/ig2/WaAVCTRDFJa9Re2z7Kw1oRzTTtScMpjbKwtF2JXBcWSU_jvQx8N2HLRlVLJcXhw3PPRY2S_Fsky_cfWnS243XaMj.jpg?quality=96&as=32x43,48x64,72x96,108x144,160x213,240x320,360x480,480x640,540x720,640x853,720x960,1080x1440,1280x1707,1440x1920,1620x2160&from=bu&cs=97x130",Факультет биоинженерии и биоинформатики,44,adult,Sea animals,technical
64be964b-da98-4ec6-be7d-e80a232ac6e0,1,"https://sun9-61.userapi.com/s/v1/if2/32NbeOMNk1a-egyLEVk1r94hXyZvC2splQjQFzqY4GWsIRswbKqzyplf1UP522-d6jN_D-u1cffMJ6qS4EqER8Dw.jpg?quality=96&as=32x24,48x36,72x54,108x81,160x120,240x180,360x270,480x360,540x405,640x480,720x540,1080x810,1280x960,1440x1080,2309x1732&from=bu&cs=130x98",Исторический факультет,28,adult,Horses,humanitarian
4f073fe9-79be-4a33-957d-862b9aa93cca,1,"https://sun9-23.userapi.com/s/v1/ig2/w_QLMnc_MMWvTM5WbxjyVL6KgcFPb8p8loJnwJnIFsGxvNsGe5GH06PkfuGK0lIiqUoZ8wgrKEc4ZKOD-p2lXBa3.jpg?quality=95&as=32x32,48x48,72x72,108x108,160x160,240x240,360x359,480x479,540x539,640x639,720x719,1080x1078&from=bu&cs=75x75",Медицинский институт,37,adult,Pigs,natural_sciences
abb436e7-a8e0-4d77-94d2-5993541cdc5a,1,"https://sun9-58.userapi.com/s/v1/ig2/BdSIND9gBmzncZdMnsQRhd19IMBEXNi7eXes8NcZKGF7mYdy5T5xpzIrRIcW6tU5aOpA0mhiMMhXIEu78fEscvbQ.jpg?quality=96&as=32x39,48x59,72x88,108x132,160x195,240x293,360x440,480x586,540x660,640x782,720x880,884x1080&from=bu&cs=106x130",Биологический факультет,36,adult,Primates,natural_sciences
17f35379-9ff9-468e-9a69-9c57e5e1cb3f,1,"https://sun9-37.userapi.com/s/v1/ig2/YlDiP_CjP_Cxdb7EZ0esaRsWu5RqpUyi6FtKlKjGT7aQd-WgT1B-UUPJs0l8MSOdYprmDKXQ6Zj4G6-1s7eW-yK7.jpg?quality=95&as=32x32,48x48,72x72,108x108,160x159,240x239,360x359,480x478,540x538,640x637,720x717,750x747&from=bu&cs=75x75",Факультет экономики и бизнеса,27,adult,Horses,humanitarian
7f5add92-bde3-4293-a42a-e9f1aeb7432b,2,"https://sun9-71.userapi.com/s/v1/if1/nZr_Ka7B6REWIYU81Chm9mDcMe4_glxSlMLy8k775g2qxUC0eRhHrSLoooofYM1IKfXgq9o6.jpg?quality=96&as=32x18,48x27,72x40,108x61,160x90,240x135,360x202,480x270,540x304,640x360,720x405,1080x607,1280x720,1440x810,2560x1440&from=bu&cs=130x73",Факультет информатики,29,adult,Predators,technical
a2d00788-ad0b-4c89-b415-74257c15e20e,2,"https://sun9-64.userapi.com/s/v1/ig2/foZ5D-1uckDgZdTYN4wzD3UPkfTuuWvpy-Jp_8RFnbkUhp9S4dRxQg5YIbfFFeqfoAoXUMSEPJFPLfQ6tT-3sEtU.jpg?quality=95&as=32x18,48x27,72x40,108x61,160x90,240x135,360x202,480x270,540x304,640x360,720x405,1080x607,1280x720,1440x810,1920x1080&from=bu&cs=75x42",Факультет информационных технологий,24,young,Sea animals,technical
cd344ef2-f3f3-4675-aecc-53b56d5659a2,2,"https://sun9-62.userapi.com/s/v1/if2/6Yo8cclejcAGC3Yjdb4z4P_F8LXPXc70bUS-uVPfrMoU_RtM9JgoinIRlJXgEVttHonJtmKYRDHMl4GShcFOQSoz.jpg?quality=96&as=32x43,48x64,72x96,108x144,160x213,240x320,360x480,480x640,540x720,640x853,720x960,810x1080&from=bu&cs=97x130",Юридический факультет,32,adult,Horses,humanitarian
0624f41c-fe5e-41fc-8472-c80551c67f8a,2,"https://sun9-78.userapi.com/s/v1/if1/B83UovLHv12aJs8yV2Qgv45SvShBwq_4RjAvxVNyhDxG0qBkI-wIq4SYBp0H0lvtxHZaQAmC.jpg?quality=96&as=32x41,48x61,72x92,108x138,160x205,240x307,360x461,480x615,540x692,640x820&from=bu&cs=101x130",Институт управления и информатизации,41,adult,,technical
3d2747fe-36e3-4668-ba49-78d3fd80a61a,1,"https://sun9-13.userapi.com/s/v1/if1/7JAD7n38P6lYoPXF121CpK44HOgNoNJNQoXbsOxECa3ptn-nrdfi8t3-07_zV1nr27LvNnQO.jpg?quality=96&as=32x39,48x59,72x88,108x132,160x196,240x294,360x441,480x588,540x662,640x785,720x883,1080x1324,1280x1569,1440x1765,1762x2160&from=bu&cs=106x130",Биологический,59,adult,Reptiles,natural_sciences
6f4c3dd7-4277-408a-ba61-5f6bb5aa7bff,1,"https://sun9-72.userapi.com/s/v1/if1/Igoxvl1NxqLT4fQyCOQeJgbaXbvfhYql0MqzAML8vNEsqWOXYO8EzcULKyqxRq1YYGQPu1Um.jpg?quality=96&as=32x24,48x36,72x54,108x81,160x120,240x180,360x270,480x360,540x405,640x480,720x540,1080x810,1280x960,1440x1080,2560x1920&from=bu&cs=130x97",Гуманитарный,34,adult,Sea animals,humanitarian
09477ecf-a4b9-45bf-9e57-29404f3ed239,1,"https://sun9-24.userapi.com/s/v1/ig2/09KBiG4DXIKmo0CgzSHGNs9og0RszDrxT77lSqISu0oICwpo2zv9Sk6X1yM0iuncGsiIOORZnaigbU3fULdinQKO.jpg?quality=95&as=32x32,48x48,72x72,108x108,160x160,240x240,360x360,480x480,540x540,564x564&from=bu&cs=75x75",Институт вычислительной математики и информационных технологий,22,young,Pigs,technical
e92a4569-af57-4bfd-843b-8918628236e0,1,"https://sun9-56.userapi.com/s/v1/ig2/CGEGmU9O1I95zXkpkzepRgzsmag46vfpWX3UGZMVLPhHvrKPlLiaVHDHHZPw0nmh8QXgYHgnAK6OuSPb6hzDOWOW.jpg?quality=95&as=32x43,48x64,72x96,108x144,160x213,240x320,360x480,480x640,540x720,640x853,720x960,1080x1440,1280x1707,1440x1920,1920x2560&from=bu&cs=56x75",Факультет психологии,35,adult,Horses,humanitarian
9268364f-09bd-4ad2-8cf3-678a241c3e9f,2,"https://sun9-30.userapi.com/s/v1/if2/UVu5fw8GH7UAOSZNNaQCI0Cc6NJI8CAjk5XAbdabqRJ1XBzEqX5yhe1w6R5dqj_0WHgd4HN-C-i5lmu4jfB-91no.jpg?quality=96&as=32x43,48x64,72x96,108x144,160x213,240x320&from=bu&cs=97x130",Высшая школа бизнеса,26,adult,Reptiles,humanitarian
45f1f076-3173-4e54-9abd-d24b5f351f65,2,"https://sun9-13.userapi.com/s/v1/ig2/gsAvOEG18UxFVFXmhtghYoxQZcWE2KGyDvp4_CK61HZEa-RQ5AY57PmULD97QxYXOUiuYCr5ASbgc0pSMUYyR8rP.jpg?quality=96&as=32x42,48x63,72x94,108x141,160x209,240x314,360x471,425x556&from=bu&cs=99x130",Факультет неорганической химии и технологии,79,adult,Horses,technical
d531b39e-f433-4db9-8fda-1c8adceb26f3,2,"https://sun9-80.userapi.com/s/v1/ig2/nnEYAykLI9j3z5kLW5IsmPFa6d6qMWp7vcvkl8AiFQvsHxb5ljRIC4mkGW7lK9r6UiVhxbm_w4dDt12Vi1n26cnB.jpg?quality=95&as=32x32,48x49,72x73,108x109,160x162,240x243,360x365,480x487,540x547,640x649,720x730,1080x1095&from=bu&cs=74x75",Безопасность жизнедеятельности и инженерная экология,45,adult,Primates,technical
d07e4652-c689-47b7-9519-413c0036d29e,1,"https://sun9-8.userapi.com/s/v1/if1/A-Y3y0tgGpUwmW9U4tYaGhB5GcPYfX-AgzjbbnVUQ_4_mDzNAglzlACfqk90HgDjHme_iQ.jpg?quality=96&as=32x24,48x36,72x54,108x81,160x120,240x180,360x270,480x360,540x405,640x480,720x540,1024x768&from=bu&cs=130x97",Менеджмента,36,adult,Reptiles,humanitarian
5ab35e7b-ec53-4324-ba1b-dbf12007654a,2,"https://sun9-22.userapi.com/s/v1/if1/C9_u_hc4x4uYcsNOFW7rvoxK9g9-fKnKovC5GItiWsVTBsYya076c4BRBP5z2gnKA_KYZg.jpg?quality=96&as=32x39,48x59,72x88,108x132,160x196,240x294,360x441,392x480&from=bu&cs=106x130",Управление персоналом,33,adult,Horses,humanitarian
48b14692-59ed-4bcc-9d7c-4b4a5548b426,1,"https://sun9-15.userapi.com/s/v1/if1/_jN_Ay9aykr_Vw70bD4X6EwhNC5sakZ_DEtHKgkATIjmLndpqWjri9MvleF9gBPpW205cIuv.jpg?quality=96&as=32x43,48x64,72x96,108x144,160x213,240x320,360x480,480x640,540x720,640x853,720x960,960x1280&from=bu&cs=97x130","Автоматизации и информатики
",34,adult,Horses,technical
64ea36eb-4787-4041-85b5-229d2c1e6916,1,"https://sun9-3.userapi.com/s/v1/ig2/xyzGD2-yy3i9uXQfDqzkjn2Zfj8bA0vT3SfHq3BwVe_T1uPZ6nn2c4nlO5VIhJkxjas2m21G5iEdrwYMK2EnWC-L.jpg?quality=95&as=32x43,48x64,72x96,108x144,160x213,240x320,360x480,480x640,540x720,640x853,720x960,1080x1440,1280x1707,1440x1920,1920x2560&from=bu&cs=56x75",Факультет автоматизации и информационных технологий,34,adult,Horses,technical
0995b823-85ce-4758-acf2-98990542d48b,2,"https://sun9-63.userapi.com/s/v1/if2/4A6gTenZ9JjJtHJ9YghLSS6nh4r6-nkao7uE6cZjDItWPCFuTXpkqo8Gsw4XrAhtAQ2g_YnOIXyUXPOo9kq1M21N.jpg?quality=96&as=32x48,48x72,72x108,108x162,160x241,240x361,360x541,480x722,532x800&from=bu&cs=86x130",Менеджмента,42,adult,Pigs,humanitarian
8f691aab-16e4-451b-8caa-a069432b003f,1,"https://sun9-67.userapi.com/s/v1/if2/SqMUEAM3asuns6YyRXGvKQn5EC6FQCEys1nZil5fu6pumV7RXQ_DYacez0_EV2l6SbeSGKmbAm55fZYAK5YQhJOl.jpg?quality=96&as=32x48,48x72,72x108,108x163,160x241,240x361,360x542,401x604&from=bu&cs=86x130",Перерабатывающих и пищевых производств,37,adult,Horses,natural_sciences
aba60489-73fe-471a-a4be-558a26e3c6c8,2,"https://sun9-35.userapi.com/s/v1/if1/19R6RxUfmA8TSPq_r7YNE5q5rM19P0FzWBE7C9UccyP9hWMzPrerYNpweAgsXqlymjS3ui9s.jpg?quality=96&as=32x44,48x66,72x98,108x148,160x219,240x328,360x492,449x614&from=bu&cs=95x130",Факультет специального машиностроения,41,adult,Reptiles,technical
bdc69a3e-e9f4-4571-ae10-a17fb431f1a8,2,"https://sun9-15.userapi.com/s/v1/ig2/8jdTYPepEyJ227vTUl0gml6qcUuiZ5KtXFv_idX6D3Lpd__AOMZf4C-HKQnXhrGiqXa5XiDP6PPzZ8WPwxz_8qwv.jpg?quality=96&as=32x32,48x49,72x73,108x109,160x162,240x243,360x364,480x485,540x546,640x647,720x728,1080x1092,1280x1294,1440x1456,1794x1814&from=bu&cs=129x130",Прикладная информатика,35,adult,Reptiles,technical
187e6285-6335-4050-b693-db6ca1e7b4fe,1,"https://sun9-16.userapi.com/s/v1/if2/Qu5svkSV1JroSsAJzAsde2Uyt3tM3cHUOf3hhhtIhUzRQ8MZTpZ7C5L5IBpAtZw0xj2E78OZRqUkjSMN-GjVTC3f.jpg?quality=96&as=32x42,48x63,72x95,108x142,160x211,240x316,360x474,480x632,540x711,640x842,720x948,778x1024&from=bu&cs=99x130",Экономики и управления,27,adult,Pigs,humanitarian
4d4004d8-ccc4-4d32-8c52-734d4eb5e84c,2,"https://sun9-78.userapi.com/s/v1/ig2/wZ-Le5JWLStPhlHFkQvZhNba3_hxEd7tnkBLladw844L2TNu6wH9USqJeb6lW-pOPBGWmDhUJRjvDMErQZhp2lAR.jpg?quality=95&as=32x57,48x85,72x128,108x192,160x284,240x427,360x640,480x853,540x960,640x1138,720x1280,1080x1920&from=bu&cs=42x75",Высшая школа бизнеса,27,adult,Horses,humanitarian
d4854678-99e7-4f2b-a7bb-0e469b4610ae,2,"https://sun9-65.userapi.com/s/v1/ig2/WV5eyfK6zA11HSRgrAvHnDc9lfBxltkXsv25c9qvVQLoHHBHPw0Cky3vYvSc860sgGIo8NxBLOvqFMWbB54jOe5F.jpg?quality=96&as=32x33,48x49,72x74,108x111,160x164,240x246,360x368,480x491,540x553,640x655,678x694&from=bu&cs=127x130",Факультет экономики и финансов,28,adult,Horses,humanitarian
dffd1a27-cde6-4cdf-b103-4d04c67942b2,2,"https://sun9-36.userapi.com/s/v1/if1/FQHeiAF3voj9kervizJADSeDORioE62j-Nw-w1DD4Xn9R6TYkVfkizeyr0ggIKEcX9VhGSPr.jpg?quality=96&as=32x43,48x64,72x96,108x144,160x213,240x320,360x480,480x640,540x720,640x853,720x960,960x1280&from=bu&cs=97x130",Юридический факультет,51,adult,Horses,humanitarian
9a2e5a59-582b-44e2-a975-ec78606e36ab,2,"https://sun9-18.userapi.com/s/v1/if2/MXhiN6H-_Tei4-IG-h3YTbABwWQLUjdSWN4Exf9lBRzqFD4f9azuGHw_zaK947Qsl1ZREglF5Dfum37K9GXhe6Rg.jpg?quality=96&as=32x32,48x48,72x72,108x108,160x160,240x240,360x360,480x480,540x540,640x640,720x720,960x960&from=bu&cs=130x130",Биоинженерии и биоинформатики,29,adult,Horses,technical
f064f04e-b60d-41a7-95b5-f7a265963fd1,1,"https://sun9-28.userapi.com/s/v1/ig2/88vvqr3vUs4ZpLfx7rqkkER7x7fbI-UU7tKNDa45XSjJbFxLwegRpMYkhHZ4mB4ohmbmdzGljdE5ze-TOigBraG5.jpg?quality=95&as=32x48,48x72,72x108,108x162,160x240,240x360,360x540,480x720,540x810,640x960,720x1080,1080x1620,1280x1920,1440x2160,1707x2560&from=bu&cs=50x75",Исторический,48,adult,Horses,humanitarian
48483f7b-9c7a-4ef5-ba25-f5b829f21ce6,1,"https://sun9-9.userapi.com/s/v1/if1/qjpc9FArxFZoky28i4Rq7oo_XV0omhemMlcR5Yp6f-sVw1iu3LX5TsUzTrwAZKQFPpRG4RXD.jpg?quality=96&as=32x48,48x72,72x108,108x161,160x239,240x359,360x538,404x604&from=bu&cs=87x130",Компьютерных наук и технологий,42,adult,Predators,technical
90c5ad7b-0e34-4c5d-bbb6-4f52e3cd2864,1,"https://sun9-40.userapi.com/s/v1/if2/znG-eDH15_wfzIH1l43EWqKCub5QjBRaST2wWjzJYx-xFFANQqhQWy1qyCvKa1ui4Skjgi84oafr3Kvcqi2Mr6GK.jpg?quality=96&as=32x43,48x64,72x96,108x144,160x213,240x320,360x480,480x640,540x720,640x853,720x960,1080x1440,1280x1707,1440x1920,1536x2048&from=bu&cs=97x130",Финансовый,35,adult,Horses,humanitarian
ee933a72-9dfc-4df5-9381-88706f2afb90,2,"https://sun9-56.userapi.com/s/v1/if1/BAFqx-siVbX4XDMjLCr71Xg6AnJWlzWEPy4hxiBf7sG-0tY1Ryv0zejCgXNoL6AaTncMSGwD.jpg?quality=96&as=32x21,48x31,72x47,108x71,160x105,240x157,360x236,480x315,540x354,640x420,720x472,1080x709,1280x840&from=bu&cs=130x85","Фотоники и оптоинформатики
",37,adult,Horses,technical
b9b9a66e-02cc-4d7b-97ae-f913e6ca2c7b,2,"https://sun9-19.userapi.com/s/v1/if1/-ZatiaV0K9E3eJr9pga9x-PefMRyLV-z-7fGEephfI1f2ByBDBcw6KVekJ-zFg_LaNE4_EoQ.jpg?quality=96&as=32x43,48x64,72x96,108x144,160x213,240x320,360x480,480x640,540x720,640x853,720x960,1080x1440,1280x1707,1440x1920,1620x2160&from=bu&cs=97x130",Факультет автоматизации и электротехнических систем,47,adult,Horses,technical
7e2d7d02-bf4b-4965-802d-15d136e58446,2,"https://sun9-78.userapi.com/s/v1/if1/qZLAGrTi3TWWM5SuWa4GdcS9ztvzBTuZJi2otyG3XiAqXS-VWSPQhGhA3xqo6meXxl17jFRp.jpg?quality=96&as=32x57,48x85,72x128,108x192,160x284,240x427,360x640,480x853,540x960,640x1138,720x1280,1080x1920,1215x2160&from=bu&cs=73x130",Нефтетехнологический факультет,44,adult,Reptiles,technical
f940449b-330b-46cd-af07-056726377ad5,1,"https://sun9-68.userapi.com/s/v1/ig2/qjTFqRfUODaXetB4PWKKmlFHxki3rq_f-WerQYZqG1xWyVPbQqqBxxSU7N_6VMSjVE_IjglSfN2Bx5V_mgW1frD0.jpg?quality=95&as=32x43,48x64,72x96,108x144,160x213,240x320,360x480,480x640,540x720,640x853,720x960,1080x1440,1200x1600&from=bu&cs=56x75",Гуманитарный,41,adult,Horses,humanitarian
3d822d31-6b0b-45a5-af04-892f62daab42,1,"https://sun9-38.userapi.com/s/v1/ig2/X5D3LnA7-T9yUdQFJQOzTAZ3Zwk40aX7begSJIapDPgSCjkiX8puPG3TigGMRvyyRUIPSe7hI8VXFe1LIK8Ny89o.jpg?quality=95&as=32x43,48x64,72x96,108x144,160x213,240x320,360x480,480x640,540x720,640x853,720x960,1080x1440,1280x1707,1440x1920,1920x2560&from=bu&cs=56x75",Институт экономики и управления,45,adult,Horses,technical
eea2d01d-905b-475c-acbf-880954957b8d,1,"https://sun9-3.userapi.com/s/v1/ig2/rQ0fKjTNoMpBl1F1qWiZnwjDeRbpTEmpOY3HP7oj4nn_9o8FWNnIp_ifkdAPiqQOJrEzjpy3cjrMJk9jh_LFTo_g.jpg?quality=95&as=32x32,48x48,72x72,108x108,160x160,240x240,360x360,480x480,540x540,640x640,720x720,1080x1080&from=bu&cs=75x75",Факультет экономики и бизнеса,32,adult,Pigs,humanitarian
b1666341-b6ec-4997-b489-ce58c4e68b00,2,"https://sun9-11.userapi.com/s/v1/if1/SuUDeLEwn9QtbXGm0iUNuTgzssHKYNjaWlOuQGx2Fy7KBs5J6E2pSF03QeMoEjhLUceFUSoS.jpg?quality=96&as=32x20,48x30,72x46,108x68,160x101,240x152,360x228,480x304,540x342,640x405,720x456,1024x648&from=bu&cs=130x82",Институт фундаментального образования,34,adult,Predators,technical
5b9a2a00-429f-4457-b784-d5094cf0b2a5,1,"https://sun9-28.userapi.com/s/v1/ig2/ul2QuNpbUh-voVLZpF2qedKzXLBNz6G8L2vRtxHHONnhXDCYyew29MYcjzR-uVMDsO0UH-Eqnk-yR4h5RodTUIie.jpg?quality=95&as=32x57,48x85,72x128,108x192,160x284,240x427,360x640,480x853,540x960,640x1138,720x1280&from=bu&cs=42x75",Факультет педагогики и психологии,51,adult,Horses,technical
06ad8fa3-ef3f-433d-85b8-366c8c3d22a7,1,"https://sun9-57.userapi.com/s/v1/if1/0h0-Xoj4NkZZdy2xV29vYBhOOUIg6ymQ-hXqH7PpopIdT8yGnACVRBSohAZfyCe629PaABjt.jpg?quality=96&as=32x43,48x64,72x97,108x145,160x215,240x322,354x475&from=bu&cs=97x130",Факультет дорожных и технологических машин,51,adult,Pigs,technical
49477dc4-c263-4ab6-819b-307d356cc1ee,1,"https://sun9-79.userapi.com/s/v1/if2/NIpRzbk3apfo0sji5ViB5g4EnXaOuNsod_lRMuYF7rVPQPjtHXxW2IvG1Ha6bv-UWAGsAZL4BOP9BrbkC4LBdMHn.jpg?quality=96&as=32x24,48x36,72x54,108x81,160x120,240x180,360x270,480x360,540x405,640x480&from=bu&cs=130x97",Биоинженерии и биоинформатики,34,adult,Primates,technical
96e7bcb8-0245-4b24-92fd-c31fa4152d51,1,"https://sun9-17.userapi.com/s/v1/if1/rjnlyGWvWivEIEGPqJt8ygajMfYOVGRYvKtf3eRddj3JQNKq4DQZgAJH4N4ZWNYo04Nk_pC5.jpg?quality=96&as=32x21,48x32,72x48,108x72,160x107,240x160,360x240,480x320,540x360,640x426,720x480,1080x720,1280x853&from=bu&cs=130x87",Естественнонаучный факультет,32,adult,Horses,natural_sciences
af54fe21-4177-43e3-a8d4-1ccd255990f5,2,"https://sun9-48.userapi.com/s/v1/ig2/qasHGxiuGkaZhuFiPO9-ts6RrdiPu9AT1xmV-KNQbU4TJZxVp0-tKvNrFsnj4Z7ICShE4wMpTTWUM7xYwQk-HqBD.jpg?quality=96&as=32x43,48x64,72x96,108x144,160x213,240x320,360x480,480x640,525x700&from=bu&cs=97x130",Факультет физической культуры Педагогического института,34,adult,Reptiles,technical
9d4998db-56a2-454e-b734-2008014754ad,2,"https://sun9-78.userapi.com/s/v1/if1/2Go-FnedZsqteDQdIysytVqSFEuUwOODM74o38n6t6ryJRiCMy9SZgxac9PiYM078yCnNe2v.jpg?quality=96&as=32x43,48x64,72x96,108x144,160x213,240x320,360x480,480x640,540x720,640x853,720x960,1080x1440,1280x1707,1440x1920,1620x2160&from=bu&cs=97x130",Машиностроительный факультет,70,adult,Primates,technical
e26b6e51-3e19-4b3d-af9a-fd95bf32ca18,2,"https://sun9-22.userapi.com/s/v1/if2/yqiGeFkTMlhA2oGLOynuQ3syA5CWqUyA5R3jLBajssP8xYc_4WQCWdyIE8Rf_X23B64PjjFxtmHEMC4w7JowjqAx.jpg?quality=96&as=32x57,48x85,72x128,108x192,160x284,240x427,360x640&from=bu&cs=73x130",Юридический,123,adult,Reptiles,humanitarian
e10a9107-40fc-4c59-baa8-0c14de834d31,2,"https://sun9-41.userapi.com/s/v1/if1/V__Oh8VkLxRDOcdfEnEIRA3owxZgfx7A7tvHvKalRnyf5q7KVttZlZdvOXFUBF-lPv-XYRHo.jpg?quality=96&as=32x43,48x64,72x96,108x144,160x213,240x320,360x480,480x640,540x720,640x853,720x960,1080x1440,1280x1707,1440x1920,1536x2048&from=bu&cs=97x130",Институт Транспорта,36,adult,Dogs,technical
67ad8055-d038-4ee5-88ed-5302707e3a07,2,"https://sun9-63.userapi.com/s/v1/if2/TesmHZFzEAY7NzDG3LtUkP2tYFsEOScDYOFXfOhsuwKdq_k7E_0FYAnxlgA_RUS-UZCBj5DWaJyaYS307zTDieQV.jpg?quality=96&as=32x21,48x32,72x48,108x72,160x107,240x160,360x240,480x320,540x360,640x427,720x480,1080x720,1280x853,1440x960,2560x1707&from=bu&cs=130x87","Юриспруденции
",44,adult,Horses,humanitarian
1fbb3ade-1f22-4949-87e1-88f3574adf86,1,"https://sun9-62.userapi.com/s/v1/if1/X8pQ4Ky0qEU3CqUSTr1ZmDkJAGAp0OZltBkViR5bjPmXNOrSWiyNcgO6bBMSMv3pP75Lpavl.jpg?quality=96&as=32x24,48x36,72x54,108x81,160x120,240x180,360x270,480x360,540x405,640x480,720x540,960x720&from=bu&cs=130x97",Институт заочного обучения,51,adult,Pigs,technical
37004b6e-4eb4-41a9-ad6d-b31ef79299ed,2,"https://sun9-4.userapi.com/s/v1/ig2/2xs2IPe7NOEtvzNqibmz9Uop1jW8aNWmaOzRg9KNFUQi99ZPq2VNqImwnMyqBDs4-BiFnQak1ZBoHBNDATpIHO67.jpg?quality=96&as=32x18,48x27,72x40,108x61,160x90,240x135,360x202,480x270,540x304,640x360,720x405,1080x607,1280x720,1440x810,2560x1440&from=bu&cs=130x73",Педагогики,42,adult,Horses,technical
343aa376-a057-409d-9bc1-7360acf15e14,2,"https://sun9-77.userapi.com/s/v1/if1/r-MCMUzL87aGdLrI60NID9QhSHnZlU2i9oAwXBVsOP4KaKQyHrc5k_aISP-mmHWtkTbYvChg.jpg?quality=96&as=32x23,48x34,72x52,108x77,160x115,240x172,360x258,480x344,540x387,604x433&from=bu&cs=130x93",Социальной психологии,34,adult,Pigs,humanitarian
5a64d14f-5b03-4633-b2d2-50d4e088998e,2,"https://sun9-7.userapi.com/s/v1/ig2/kncV0XWCK6xrpMf2StGXjVt21ZdnRHFigtBQYYQ3QUg0ep-Lnl92wWB4HHgTE5l5oGSNv03WhYigcw_N5DGklN3m.jpg?quality=96&as=32x43,48x64,72x96,108x144,160x213,240x320,360x480,480x640,540x720,640x853,720x960,1080x1440,1280x1707,1440x1920,1620x2160&from=bu&cs=97x130",Факультет иностранных языков,60,adult,Horses,humanitarian
c70e0aa4-d91a-499e-82f1-a9dd8ef8704a,2,"https://sun9-13.userapi.com/s/v1/if1/oCfaMUVyBOlm5g2GcUfof8_VrKDauzahw_TVbBikZCnZ8VRyIKaz4qHg9IAtKSqqQYQ.jpg?quality=96&as=32x38,48x58,72x87,108x130,160x192,240x289,360x433,480x578,502x604&from=bu&cs=108x130","Международного бизнеса и делового администрирования
",37,adult,Horses,humanitarian
1ad0705c-b368-40ff-97cd-bc80e811ccee,2,"https://sun9-28.userapi.com/s/v1/if1/-MYNvILQFIeDbbzyUybFAtMJ3HAwE1NCCwslMStLucycAWJmMynb7wMUDTtGXf0ntP-TIF4s.jpg?quality=96&as=32x24,48x36,72x54,108x81,160x120,240x180,360x270,480x360,540x405,640x480&from=bu&cs=130x97",Юридический,38,adult,Reptiles,humanitarian
e1379547-f387-4eef-84ef-298d9d16654a,1,"https://sun9-19.userapi.com/s/v1/ig2/Y0qkP9TBtWVMVPCQPKAr1Lz-nRUK9vIvdV-cjQYYd5KEhmS7vEaP1fugbJ5_dKSHdkdcFG1ALGlS7amyYywt7xVk.jpg?quality=96&as=32x32,48x48,72x72,108x108,160x160,240x240,360x360,480x480,540x540,640x640,720x720,1080x1080,1280x1280,1440x1440,2160x2160&from=bu&cs=130x130",Факультет ветеринарной медицины,26,adult,Pigs,natural_sciences
47cc3e24-c392-43f6-b2ed-f7afd52791e5,2,"https://sun9-49.userapi.com/s/v1/ig2/Maa5za6udSOc30fKgJrmhfeKUZyb9DaexIJ5yCfv96Gpj9TjE34rspqpLDSIUa4BUcqj5EAScVRoTEkf2vsCqkg_.jpg?quality=96&as=32x24,48x36,72x54,108x81,160x120,240x181,320x241&from=bu&cs=130x98",Международный институт энергетической политики и дипломатии,19,young,Primates,technical
f4bb0f80-d683-4298-b8a0-6175131db38f,2,"https://sun9-43.userapi.com/s/v1/if1/yU5OZey6MkbaqC_h4VQtf-Wcsm8nERWT3pZaFUH9V3vSp8bp6RXesjdVGGX_jnVD54zQyis2.jpg?quality=96&as=32x21,48x32,72x48,108x72,160x107,240x160,360x240,480x320,540x360,640x426,720x480,1080x720,1280x853&from=bu&cs=130x87",Экономики и менеджмента,31,adult,Horses,humanitarian
5a1b655a-5c35-4201-8498-07a5f104c1ab,2,"https://sun9-71.userapi.com/s/v1/if1/ryaocWkuKf4PWK-wCB_NOBO1gUg5rG4aUT6Ky6TlBJRKll82o9MZLsrgLpicbMZEDLgZZ13j.jpg?quality=96&as=32x92,48x137,72x206,108x309,160x458,240x687,360x1030,480x1373,502x1436&from=bu&cs=45x130",Психологии,22,young,Horses,humanitarian
d39f6486-451b-4248-99b6-696ed60c0f5a,1,"https://sun9-37.userapi.com/s/v1/ig2/vOsopulSltqZ_8RkaVlTyUpLwXvm21JF0chcPpgFm2Xd0bMJJ0eVCp0br68UvPtPzxKrCVGT48CTiELezpvguQD-.jpg?quality=95&as=32x48,48x72,72x108,108x162,160x240,240x360,360x540,480x720,540x810,640x960,720x1080,1080x1621,1280x1921,1440x2161,1706x2560&from=bu&cs=50x75",Институт социального образования,31,adult,Horses,technical
7851ec6f-86ad-48c7-9bc1-7259997d66a6,2,"https://sun9-6.userapi.com/s/v1/ig2/hSa-k-Oy4gsscwoQzwmA1-tIlsGp9eDrbF58Gpgzf19JVKyNrWmUdnDPMVX0uWc8SG_aNl2PweGy_6t0_XzB0oFJ.jpg?quality=96&as=32x32,48x48,72x72,108x108,160x160,240x240,360x360,480x480,540x540,604x604&from=bu&cs=130x130",Факультет государственного управления,23,young,Horses,humanitarian
442f7f21-ebce-4871-a505-89d43b29fbad,1,"https://sun9-69.userapi.com/s/v1/if1/xwN0I0QXL_voFBeufSP3XmSYuFeEA6pGBZyChlT804EG8It3hU2A9NEqUhXOmUwD5YzdChW8.jpg?quality=96&as=32x43,48x64,72x96,108x144,160x213,240x320,360x480,480x640,540x720,640x853,720x960,1080x1440,1280x1707,1350x1800&from=bu&cs=97x130",Юридический факультет,24,young,Horses,humanitarian
2f5c315a-04db-4f7e-a7c2-163ad498d53d,1,"https://sun9-5.userapi.com/s/v1/ig2/THOFQY4WPoWvoSrxnykEJI9cw_EOP7dX9iTHFh561tQ4fwSvnzFfzF5hUrXU8rR2fAQwhIn829fXU3wCJcu_Effo.jpg?quality=96&as=32x24,48x36,72x54,108x81,160x120,240x180,360x270,480x360,540x405,640x480,720x540,1080x810,1280x960,1440x1080,2560x1920&from=bu&cs=130x97",Строительный факультет,65,adult,Rodents,technical
0cc6d807-68d9-45ae-9498-101115c134db,1,"https://sun9-74.userapi.com/s/v1/ig2/P7C7Aohvh2eSKk0EausN85uv5Ek1neF-h2JdXLY8KxkxSRIwzxu11-ukjul-BMeK_EbRV7cgMrsMFUJem-AZpHjn.jpg?quality=95&as=32x66,48x99,72x148,108x222,160x329,240x494,360x741,480x988,540x1111,640x1317,720x1482,1080x2222,1244x2560&from=bu&cs=36x75",Экономики и менеджмента,62,adult,Horses,humanitarian
6e164b79-988b-482f-bb09-33fd38a2be1a,2,"https://sun6-23.userapi.com/s/v1/ig2/SOTIInazoyUX8Dn9CrZHtAR1BQLinmfKxV1cPrf5Q02LfkuoppPME4u36qOMvfUaM5BzDXQIl5yHson7o3aXy90Y.jpg?quality=96&as=32x43,48x64,72x96,108x144,160x213,240x320,360x480,480x640,540x720,640x853,720x960,1080x1440,1280x1707,1440x1920&from=bu&cs=97x130",Химический факультет,48,adult,Reptiles,technical
9e945c6b-5209-419f-8530-7c77be0647ea,1,"https://sun9-4.userapi.com/s/v1/ig2/qoS5fGmEsbn9l3wLUcy5_iXlp3MjXXEa4Ty_m9_3mP0pRERPj5LDWC0TrKip2wjLp4B0RtSQFcV9hIAnSHJGA4ab.jpg?quality=95&as=32x43,48x64,72x96,108x144,160x213,240x320,360x480,480x640,540x720,640x853,720x960,1080x1440,1200x1600&from=bu&cs=56x75",Факультет русского языка и литературы,80,adult,Horses,humanitarian
8f22db51-9fc7-4680-ab32-be41e0dcd9c0,2,"https://sun9-40.userapi.com/s/v1/if1/9i5i0F1RF8ecCsU3LtqCHfRA-Y0QtklI_a6Vt14tbPwqcMyWMPcs5kdQ_Gw-8A4JXEvNvO71.jpg?quality=96&as=32x48,48x72,72x108,108x162,160x240,240x360,360x540,480x720,540x810,640x960,720x1080,1080x1620,1280x1920,1440x2160&from=bu&cs=87x130",Компьютерных систем и профессионального образования,32,adult,Primates,technical
cc9887e2-1605-49a8-94b0-f1e4dc7aef66,1,"https://sun9-24.userapi.com/s/v1/if2/_yXBOTiVPi_5y1E7v9lIHhv1o71wWYeOtmtK4s1ZHRwlht9MpZiB9jw0XpYNLfyYghkjfWPMXq3vx4HUfmx-XSJx.jpg?quality=96&as=32x43,48x64,72x96,108x144,160x213,240x320,360x480,480x640,540x720,640x853,720x960,1080x1440,1280x1707,1440x1920,1536x2048&from=bu&cs=97x130",Педагогики и психологии,63,adult,Horses,technical
3bf9c6de-c19f-4600-9d9a-cff6444c02da,1,"https://sun9-61.userapi.com/s/v1/if1/aY-uMWB8u3gTtrWQpZfJjucWl4xox_ddM4rmw-gnmmz0DaXrpZJbN9X5BiVoys4sjOGdUuI4.jpg?quality=96&rotate=90&as=32x43,48x64,72x96,108x144,160x213,240x320,360x480,480x640,540x720,640x853,720x960,1080x1440,1280x1707,1440x1920,1920x2560&from=bu&cs=97x130",Экономики и менеджмента,40,adult,Reptiles,humanitarian
cabf853d-54df-41c0-9d6b-9bbd3ff48484,1,"https://sun9-66.userapi.com/s/v1/if1/0zI2H_WF60UYjfnc3fXYJQT8N-AOhfE4-ypP2d9qSIkUpbN0aVD2SmEZMBYi_f1dC0vKf3Uz.jpg?quality=96&as=32x32,48x48,72x72,108x108,160x160,240x240,360x360,480x480,540x540,640x640,720x720,960x960&from=bu&cs=130x130",Факультет социальных наук,28,adult,Horses,humanitarian
0e13fe39-f3ee-4b75-a5b9-527c7d151ceb,2,"https://sun9-43.userapi.com/s/v1/if1/6JiTwOSm-c3p5SGkopwpAEOCXDntQE6TQQi00_6wQBNl_qsgtPXB2cG2kqLyn8YqwCfIng.jpg?quality=96&as=32x19,48x28,72x42,108x63,160x93,240x139,360x209,480x279,540x313,640x371,720x418,1080x627,1280x743&from=bu&cs=130x75",Финансовый,35,adult,Horses,humanitarian
d29f7bed-39b6-4774-a70c-9d6e88099a27,1,"https://sun9-69.userapi.com/s/v1/ig2/8MxfSbBUU7Q27vAUyaQas9iPbYC6ckfsVVQBml12dsBpvBDZC2G3eKYSkFdSroi_ASdzKlm7Q4Hantusa_Cqr-4t.jpg?quality=96&as=32x32,48x48,72x72,108x108,160x160,240x240,360x360,480x480,540x540,640x640&from=bu&cs=130x130",Юридический факультет,24,young,Reptiles,humanitarian
118f63dc-18fe-4f1e-a2ee-94651a2914d6,1,"https://sun9-67.userapi.com/s/v1/if2/gnbXRWiXXpqa95UsTB-mIWOlha0XPpzlaoyGg64Rb5XrNJcBnOQF5nN6nyBZ6e0Uu7zMBWdupKXQrqUBcyivnsR6.jpg?quality=96&as=32x24,48x36,72x54,108x81,160x120,240x180,360x271,480x361,540x406,604x454&from=bu&cs=130x98",Экономики и финансов,48,adult,Horses,humanitarian
9f93bb0d-de11-4bb7-856b-746e733d80bf,2,"https://sun9-79.userapi.com/s/v1/if1/r5KKgX8xONJlyT2P1makAqsTcuVqV-UZPpZJ3oW3DPEp-2xtoUMoLfm1xhAy1qMbhFShBQ.jpg?quality=96&as=32x24,48x36,72x54,108x81,160x120,240x180,360x270,480x360,540x405,640x480,720x540,1080x810,1280x960,1440x1080,2050x1538&from=bu&cs=130x98",Менеджмент организации,35,adult,Horses,humanitarian
01d3a201-2225-435c-9e1e-534e85883b13,1,"https://sun9-16.userapi.com/s/v1/ig2/1XIqejK2TVuBiBlXGMsJvBXSZwSFRYHIWAi_hUSHKrOxeAWVSsr9cnDOtTxjOY888ZHc0HJxuQ3rWjbsGGYJbw9S.jpg?quality=95&as=32x21,48x32,72x48,108x72,160x107,240x160,360x240,480x320,540x360,640x427,720x480,1080x720,1280x853,1440x960,2560x1707&from=bu&cs=75x50",Институт психологии и педагогики,39,adult,Horses,technical
f8679e65-20b5-49a1-b751-c87c229df99e,2,"https://sun9-43.userapi.com/s/v1/if1/OO6H5Hn3u3Iob3u6LO05YGMYT4kd6L-rHhvM4XjR4ZsZmGgEIcsAszdMTO-Ii_q7BP1uqoz3.jpg?quality=96&as=32x24,48x36,72x54,108x81,160x120,240x180,360x270,480x360&from=bu&cs=130x97",Электромеханические системы автоматизации и электропривод,33,adult,Reptiles,technical
c9f6d660-ebe1-4b3a-a36b-a982ca5a0947,2,"https://sun9-77.userapi.com/s/v1/if1/0GR0O4hJ4fL37g4ps8TMveHtnNMadKh8BV8FG5ZvKO9N9sMKSFcU_CdNx1X5e3OQxX9MH0o_.jpg?quality=96&as=32x31,48x47,72x71,108x106,160x157,240x235,360x353,480x470,540x529,588x576&from=bu&cs=130x127","Налогового права
",27,adult,Horses,humanitarian
a3bd6d12-4d89-46bf-a1a6-90b157a5af22,1,"https://sun9-21.userapi.com/s/v1/if1/hKNJUh3YCnEF-H7FvCZUig8vCke6Fy5KFfUYuMREsLms4w1std-Ca17YbfBvMUm29OEyxFnn.jpg?quality=96&as=32x25,48x38,72x57,108x85,160x126,240x189,360x283,480x377,540x425,604x475&from=bu&cs=130x102",Информатика и вычислительная техника,34,adult,Horses,technical
acd87b19-7dff-4cbb-8d28-0b8a58a6f918,2,"https://sun9-23.userapi.com/s/v1/if1/8-Y5Qw0PaeTjoD04UvBMMoFxY3geE6Sn9MdAvR5TNMO5hPstP7Zzm148ns-WQxbGgaY6diyG.jpg?quality=96&as=32x21,48x32,72x48,108x72,160x107,240x160,360x240,480x320,540x360,640x427,720x480,1080x720,1280x853,1440x960,2560x1707&from=bu&cs=130x87",Менеджмент,43,adult,Pigs,humanitarian
637ced77-9c80-4d63-b710-9c1b43a57b6e,1,"https://sun9-57.userapi.com/s/v1/ig2/EFJCrt7V3YkUnmArV16WCdxXxecnvfm4sRsSDOf0mycgI4kgUiM-GEKdGWQ7v45wrFVZlmkuGZgl26js6OGDYSi2.jpg?quality=96&as=32x17,48x26,72x39,108x59,160x87,240x131,360x197,480x262,540x295,640x350,720x393,1080x590,1280x699,1440x787,2560x1399&from=bu&cs=130x71",Кафедра экономики и управления,45,adult,Rodents,technical
988adeaa-7c0b-4572-88f3-7505f1414997,1,"https://sun9-65.userapi.com/s/v1/if1/XO4ixZ4Z-cp_NLOVNOkq7YlTfyYjpSBmdEX49ZdgNhgJKIESgh-320Fr73hWR6a6-bU68sa2.jpg?quality=96&as=32x21,48x32,72x48,108x72,160x106,240x160,360x239,480x319,540x359,600x399&from=bu&cs=130x86",Институт физической культуры и реабилитации,40,adult,Horses,technical
